default,0,1.39,2.78,4.17,5.56,6.94,8.33,9.72,11.11,12.5,13.89
0.000,0.000,-0.143,-0.202,-0.259,-0.304,-0.316,-0.320,-0.329,-0.337,-0.351,-0.368
0.100,-0.052,-0.687,-0.726,-0.841,-0.956,-1.068,-1.168,-1.272,-1.359,-1.429,-1.267
0.200,-0.070,-1.237,-1.271,-1.394,-1.496,-1.610,-1.705,-1.809,-1.900,-1.989,-1.928
0.300,-0.080,-1.716,-1.806,-1.928,-2.036,-2.148,-2.248,-2.344,-2.443,-2.528,-2.486
0.400,-0.090,-2.036,-2.344,-2.471,-2.578,-2.684,-2.781,-2.894,-2.981,-3.073,-3.057
0.500,-0.100,-2.251,-2.903,-3.017,-3.124,-3.219,-3.309,-3.421,-3.524,-3.604,-3.616
0.600,-0.110,-2.470,-3.299,-3.557,-3.673,-3.753,-3.834,-3.960,-4.070,-4.145,-4.164
0.700,-0.120,-2.570,-3.781,-4.066,-4.198,-4.287,-4.384,-4.498,-4.607,-4.692,-4.720
0.800,-0.130,-2.580,-3.980,-4.651,-4.744,-4.829,-4.911,-5.037,-5.145,-5.239,-5.295
